{
  "project_info": {
    "project_number": "912289246394",
    "project_id": "camplay-5014c",
    "storage_bucket": "camplay-5014c.appspot.com"
  },
  "client": [
    {
      "client_info": {
        "mobilesdk_app_id": "1:912289246394:android:959ba3763e3c4bfc6c6683",
        "android_client_info": {
          "package_name": "com.HIT.camplay_app"
        }
      },
      "oauth_client": [
        {
          "client_id": "912289246394-h7u873e711733ctgslgpsu81rfverj8e.apps.googleusercontent.com",
          "client_type": 3
        }
      ],
      "api_key": [
        {
          "current_key": "AIzaSyADL7Gu7mdoh72vVnpgKkut5gQmWpIkEPc"
        }
      ],
      "services": {
        "appinvite_service": {
          "other_platform_oauth_client": [
            {
              "client_id": "912289246394-h7u873e711733ctgslgpsu81rfverj8e.apps.googleusercontent.com",
              "client_type": 3
            },
            {
              "client_id": "912289246394-qgr7c16p8s7n9i6qa6eavildbkia5t86.apps.googleusercontent.com",
              "client_type": 2,
              "ios_info": {
                "bundle_id": "com.HIT.camplayApp"
              }
            }
          ]
        }
      }
    }
  ],
  "configuration_version": "1"
}